File,WaveData20240229_092.csv,
Date/Time,24-02-29/01:21,
,,
Center Wavelength,1550,nm
Span Wavelength,100,nm
Start Wavelength,1500,nm
Stop Wavelength,1600,nm
Value In Air/Vacuum,Vacuum,
Optical Attenuater,Off,
Resolution,0.1,nm
Actual Resolution,0.097,nm
VBW,2000,Hz
Point Average,Off,
Sweep Average,1,
Smooth,Off,
Sampling Points,1001,pt
Trace Type,Write,
Trace Storage Mode,Off,
Trace Calculate Trace 1,-,
Trace Calculate Trace 2,-,
Dynamic Range,Normal,
Ext-Trigger,Off,
Interval Time,Off,
MM Mode,Off,
,,
Trace,A,
Start,1500,nm
Stop,1600,nm
Wavelength(A),Level(A),
1500,1.9800E-007,
1500.1,2.0250E-007,
1500.2,1.9970E-007,
1500.3,1.6900E-007,
1500.4,1.4950E-007,
1500.5,1.4250E-007,
1500.6,2.0590E-007,
1500.7,1.3280E-007,
1500.8,1.4930E-007,
1500.9,2.0810E-007,
1501,1.5830E-007,
1501.1,1.7490E-007,
1501.2,1.5260E-007,
1501.3,1.3060E-007,
1501.4,1.7150E-007,
1501.5,1.4910E-007,
1501.6,1.4170E-007,
1501.7,1.7290E-007,
1501.8,1.4150E-007,
1501.9,1.6770E-007,
1502,1.5260E-007,
1502.1,1.6520E-007,
1502.2,1.3450E-007,
1502.3,9.9040E-008,
1502.4,2.0150E-007,
1502.5,1.4010E-007,
1502.6,1.7500E-007,
1502.7,1.5560E-007,
1502.8,1.5050E-007,
1502.9,1.3070E-007,
1503,1.5490E-007,
1503.1,2.3550E-007,
1503.2,1.8830E-007,
1503.3,1.8790E-007,
1503.4,1.7160E-007,
1503.5,1.7050E-007,
1503.6,1.8070E-007,
1503.7,1.7810E-007,
1503.8,1.7090E-007,
1503.9,1.7280E-007,
1504,1.8600E-007,
1504.1,1.2380E-007,
1504.2,1.7030E-007,
1504.3,1.5040E-007,
1504.4,1.3280E-007,
1504.5,1.6710E-007,
1504.6,1.3090E-007,
1504.7,1.9750E-007,
1504.8,2.1990E-007,
1504.9,1.6240E-007,
1505,2.0570E-007,
1505.1,1.5750E-007,
1505.2,2.2110E-007,
1505.3,2.3290E-007,
1505.4,1.7350E-007,
1505.5,1.7460E-007,
1505.6,1.9000E-007,
1505.7,2.3630E-007,
1505.8,1.9080E-007,
1505.9,1.6600E-007,
1506,1.8970E-007,
1506.1,1.5490E-007,
1506.2,2.1740E-007,
1506.3,1.2000E-007,
1506.4,1.9730E-007,
1506.5,1.7110E-007,
1506.6,2.2830E-007,
1506.7,1.8680E-007,
1506.8,1.9130E-007,
1506.9,1.6850E-007,
1507,1.4110E-007,
1507.1,2.0280E-007,
1507.2,2.2510E-007,
1507.3,1.9070E-007,
1507.4,2.6040E-007,
1507.5,1.6760E-007,
1507.6,2.1700E-007,
1507.7,2.1760E-007,
1507.8,1.4400E-007,
1507.9,2.4490E-007,
1508,2.4160E-007,
1508.1,2.1610E-007,
1508.2,1.6310E-007,
1508.3,2.4340E-007,
1508.4,1.8440E-007,
1508.5,1.5380E-007,
1508.6,2.5420E-007,
1508.7,2.5180E-007,
1508.8,2.0410E-007,
1508.9,2.0300E-007,
1509,2.2240E-007,
1509.1,1.9970E-007,
1509.2,2.2890E-007,
1509.3,2.3970E-007,
1509.4,1.6590E-007,
1509.5,1.9800E-007,
1509.6,2.4680E-007,
1509.7,1.8740E-007,
1509.8,2.0010E-007,
1509.9,2.3960E-007,
1510,1.9090E-007,
1510.1,2.4270E-007,
1510.2,2.4070E-007,
1510.3,2.1520E-007,
1510.4,2.6330E-007,
1510.5,2.0780E-007,
1510.6,2.2030E-007,
1510.7,2.1120E-007,
1510.8,2.6190E-007,
1510.9,2.5830E-007,
1511,2.3540E-007,
1511.1,2.0400E-007,
1511.2,2.3230E-007,
1511.3,2.3410E-007,
1511.4,2.4980E-007,
1511.5,1.9960E-007,
1511.6,2.5650E-007,
1511.7,2.5850E-007,
1511.8,2.5420E-007,
1511.9,2.0570E-007,
1512,2.3690E-007,
1512.1,2.6950E-007,
1512.2,2.4380E-007,
1512.3,2.0400E-007,
1512.4,2.3130E-007,
1512.5,2.3130E-007,
1512.6,2.1000E-007,
1512.7,2.0600E-007,
1512.8,2.0080E-007,
1512.9,2.3030E-007,
1513,2.1580E-007,
1513.1,1.8420E-007,
1513.2,1.8310E-007,
1513.3,2.5650E-007,
1513.4,2.0430E-007,
1513.5,1.9830E-007,
1513.6,2.2980E-007,
1513.7,2.7870E-007,
1513.8,2.0270E-007,
1513.9,2.0850E-007,
1514,2.8370E-007,
1514.1,2.4330E-007,
1514.2,2.7200E-007,
1514.3,2.6390E-007,
1514.4,2.0210E-007,
1514.5,2.4450E-007,
1514.6,2.2500E-007,
1514.7,2.6140E-007,
1514.8,1.8120E-007,
1514.9,2.4820E-007,
1515,2.6520E-007,
1515.1,2.8230E-007,
1515.2,2.4890E-007,
1515.3,2.6120E-007,
1515.4,2.7490E-007,
1515.5,2.7590E-007,
1515.6,2.6920E-007,
1515.7,2.3520E-007,
1515.8,2.5650E-007,
1515.9,2.2120E-007,
1516,2.1340E-007,
1516.1,2.4220E-007,
1516.2,2.7020E-007,
1516.3,2.6150E-007,
1516.4,2.3640E-007,
1516.5,2.5170E-007,
1516.6,2.1410E-007,
1516.7,2.8290E-007,
1516.8,2.4610E-007,
1516.9,2.5230E-007,
1517,2.8140E-007,
1517.1,2.7230E-007,
1517.2,2.5050E-007,
1517.3,2.8050E-007,
1517.4,2.8480E-007,
1517.5,2.2650E-007,
1517.6,2.9140E-007,
1517.7,2.9420E-007,
1517.8,2.4800E-007,
1517.9,2.2580E-007,
1518,2.3380E-007,
1518.1,2.5200E-007,
1518.2,2.5780E-007,
1518.3,2.5570E-007,
1518.4,2.6990E-007,
1518.5,2.4440E-007,
1518.6,2.6100E-007,
1518.7,2.9220E-007,
1518.8,3.1420E-007,
1518.9,2.5690E-007,
1519,3.3340E-007,
1519.1,3.1830E-007,
1519.2,2.7710E-007,
1519.3,3.1720E-007,
1519.4,2.6830E-007,
1519.5,3.1390E-007,
1519.6,2.8090E-007,
1519.7,2.8920E-007,
1519.8,2.5550E-007,
1519.9,2.9620E-007,
1520,3.0620E-007,
1520.1,2.9560E-007,
1520.2,3.1330E-007,
1520.3,2.7610E-007,
1520.4,2.8550E-007,
1520.5,3.1320E-007,
1520.6,3.1910E-007,
1520.7,3.2830E-007,
1520.8,2.9140E-007,
1520.9,3.3880E-007,
1521,3.1640E-007,
1521.1,2.9310E-007,
1521.2,3.3950E-007,
1521.3,3.1960E-007,
1521.4,3.0410E-007,
1521.5,3.1340E-007,
1521.6,3.4290E-007,
1521.7,2.8730E-007,
1521.8,2.9010E-007,
1521.9,3.5560E-007,
1522,3.5540E-007,
1522.1,3.3820E-007,
1522.2,2.9660E-007,
1522.3,3.8370E-007,
1522.4,3.0470E-007,
1522.5,2.5540E-007,
1522.6,3.5560E-007,
1522.7,2.6460E-007,
1522.8,3.2230E-007,
1522.9,3.6090E-007,
1523,3.1720E-007,
1523.1,3.4370E-007,
1523.2,3.4460E-007,
1523.3,3.7370E-007,
1523.4,3.1280E-007,
1523.5,3.2550E-007,
1523.6,3.8400E-007,
1523.7,2.9380E-007,
1523.8,3.2510E-007,
1523.9,3.8440E-007,
1524,3.2380E-007,
1524.1,3.5280E-007,
1524.2,3.3260E-007,
1524.3,3.7540E-007,
1524.4,3.6650E-007,
1524.5,3.4760E-007,
1524.6,3.6810E-007,
1524.7,3.7100E-007,
1524.8,2.9810E-007,
1524.9,3.3520E-007,
1525,3.0530E-007,
1525.1,3.4530E-007,
1525.2,3.2910E-007,
1525.3,3.1140E-007,
1525.4,3.4100E-007,
1525.5,3.5390E-007,
1525.6,3.9200E-007,
1525.7,3.6860E-007,
1525.8,3.7010E-007,
1525.9,3.6290E-007,
1526,3.9190E-007,
1526.1,3.5650E-007,
1526.2,3.7960E-007,
1526.3,4.0070E-007,
1526.4,3.8150E-007,
1526.5,3.5830E-007,
1526.6,4.2420E-007,
1526.7,3.7690E-007,
1526.8,4.1280E-007,
1526.9,4.3300E-007,
1527,3.7740E-007,
1527.1,4.0200E-007,
1527.2,3.2990E-007,
1527.3,4.2840E-007,
1527.4,4.1470E-007,
1527.5,3.7600E-007,
1527.6,4.2780E-007,
1527.7,4.0590E-007,
1527.8,4.2430E-007,
1527.9,3.9820E-007,
1528,4.6470E-007,
1528.1,3.8050E-007,
1528.2,4.2190E-007,
1528.3,4.1280E-007,
1528.4,4.4950E-007,
1528.5,3.9610E-007,
1528.6,4.0190E-007,
1528.7,4.1340E-007,
1528.8,4.0580E-007,
1528.9,4.2350E-007,
1529,4.3820E-007,
1529.1,4.3490E-007,
1529.2,3.8040E-007,
1529.3,4.3920E-007,
1529.4,4.7890E-007,
1529.5,4.3750E-007,
1529.6,4.5210E-007,
1529.7,5.0740E-007,
1529.8,3.9660E-007,
1529.9,4.8930E-007,
1530,4.7960E-007,
1530.1,4.2720E-007,
1530.2,4.7020E-007,
1530.3,5.0880E-007,
1530.4,5.0540E-007,
1530.5,5.0410E-007,
1530.6,4.1840E-007,
1530.7,4.7030E-007,
1530.8,4.7960E-007,
1530.9,4.8330E-007,
1531,4.9270E-007,
1531.1,5.1960E-007,
1531.2,4.8930E-007,
1531.3,5.6080E-007,
1531.4,4.6920E-007,
1531.5,5.0170E-007,
1531.6,5.3400E-007,
1531.7,5.5250E-007,
1531.8,4.9750E-007,
1531.9,5.3570E-007,
1532,5.0510E-007,
1532.1,4.9710E-007,
1532.2,5.5660E-007,
1532.3,5.1650E-007,
1532.4,5.4690E-007,
1532.5,5.4900E-007,
1532.6,5.2540E-007,
1532.7,5.6490E-007,
1532.8,5.1860E-007,
1532.9,5.9850E-007,
1533,5.6620E-007,
1533.1,5.7760E-007,
1533.2,5.5430E-007,
1533.3,5.7570E-007,
1533.4,6.1780E-007,
1533.5,5.7540E-007,
1533.6,5.7100E-007,
1533.7,5.5460E-007,
1533.8,6.2460E-007,
1533.9,5.9180E-007,
1534,5.8860E-007,
1534.1,7.0930E-007,
1534.2,5.6440E-007,
1534.3,6.5670E-007,
1534.4,6.5420E-007,
1534.5,7.0270E-007,
1534.6,6.2770E-007,
1534.7,6.6100E-007,
1534.8,6.5100E-007,
1534.9,6.5950E-007,
1535,6.7300E-007,
1535.1,6.1570E-007,
1535.2,7.2900E-007,
1535.3,6.0220E-007,
1535.4,7.1290E-007,
1535.5,5.8010E-007,
1535.6,7.7170E-007,
1535.7,7.2200E-007,
1535.8,6.8760E-007,
1535.9,7.5600E-007,
1536,7.0640E-007,
1536.1,7.4540E-007,
1536.2,6.8460E-007,
1536.3,8.0350E-007,
1536.4,7.0520E-007,
1536.5,7.9110E-007,
1536.6,7.9480E-007,
1536.7,7.1470E-007,
1536.8,8.3190E-007,
1536.9,7.4740E-007,
1537,8.9170E-007,
1537.1,7.4370E-007,
1537.2,8.4290E-007,
1537.3,8.4130E-007,
1537.4,8.6960E-007,
1537.5,8.1300E-007,
1537.6,7.6870E-007,
1537.7,9.5100E-007,
1537.8,8.2960E-007,
1537.9,9.7120E-007,
1538,8.0270E-007,
1538.1,9.0290E-007,
1538.2,8.4140E-007,
1538.3,8.6690E-007,
1538.4,9.4280E-007,
1538.5,8.3340E-007,
1538.6,1.0190E-006,
1538.7,8.7190E-007,
1538.8,1.0100E-006,
1538.9,8.6220E-007,
1539,9.4030E-007,
1539.1,9.6240E-007,
1539.2,9.2880E-007,
1539.3,1.0540E-006,
1539.4,9.0770E-007,
1539.5,1.1580E-006,
1539.6,8.3850E-007,
1539.7,1.1700E-006,
1539.8,1.0110E-006,
1539.9,1.0840E-006,
1540,1.1330E-006,
1540.1,9.9490E-007,
1540.2,1.3100E-006,
1540.3,9.4580E-007,
1540.4,1.2590E-006,
1540.5,1.0030E-006,
1540.6,1.2000E-006,
1540.7,1.1440E-006,
1540.8,1.1800E-006,
1540.9,1.2970E-006,
1541,1.1220E-006,
1541.1,1.4260E-006,
1541.2,1.0340E-006,
1541.3,1.4630E-006,
1541.4,1.1090E-006,
1541.5,1.2670E-006,
1541.6,1.2580E-006,
1541.7,1.1970E-006,
1541.8,1.3570E-006,
1541.9,1.1460E-006,
1542,1.5760E-006,
1542.1,1.1440E-006,
1542.2,1.5490E-006,
1542.3,1.2670E-006,
1542.4,1.2830E-006,
1542.5,1.5310E-006,
1542.6,1.2360E-006,
1542.7,1.6200E-006,
1542.8,1.2360E-006,
1542.9,1.6560E-006,
1543,1.2400E-006,
1543.1,1.6240E-006,
1543.2,1.5810E-006,
1543.3,1.3020E-006,
1543.4,1.7670E-006,
1543.5,1.2150E-006,
1543.6,1.7250E-006,
1543.7,1.4140E-006,
1543.8,1.6780E-006,
1543.9,1.5370E-006,
1544,1.5540E-006,
1544.1,1.7770E-006,
1544.2,1.3340E-006,
1544.3,2.1290E-006,
1544.4,1.4300E-006,
1544.5,1.9960E-006,
1544.6,1.5250E-006,
1544.7,1.7870E-006,
1544.8,1.7620E-006,
1544.9,1.6220E-006,
1545,2.0570E-006,
1545.1,1.3830E-006,
1545.2,2.2870E-006,
1545.3,1.5180E-006,
1545.4,1.9540E-006,
1545.5,1.8690E-006,
1545.6,1.6840E-006,
1545.7,2.1050E-006,
1545.8,1.6500E-006,
1545.9,2.2580E-006,
1546,1.4890E-006,
1546.1,2.4320E-006,
1546.2,1.7540E-006,
1546.3,2.0090E-006,
1546.4,2.3370E-006,
1546.5,1.6140E-006,
1546.6,2.3110E-006,
1546.7,1.7500E-006,
1546.8,2.2910E-006,
1546.9,1.6250E-006,
1547,2.3950E-006,
1547.1,1.9440E-006,
1547.2,1.8030E-006,
1547.3,2.7150E-006,
1547.4,1.5820E-006,
1547.5,2.5430E-006,
1547.6,1.7930E-006,
1547.7,2.2340E-006,
1547.8,1.9090E-006,
1547.9,2.2130E-006,
1548,2.2370E-006,
1548.1,1.5070E-006,
1548.2,3.1410E-006,
1548.3,1.5860E-006,
1548.4,2.2760E-006,
1548.5,2.3880E-006,
1548.6,1.8440E-006,
1548.7,1.8030E-006,
1548.8,2.6050E-006,
1548.9,1.8180E-006,
1549,1.7160E-006,
1549.1,5.4130E-006,
1549.2,2.1260E-006,
1549.3,1.0870E-005,
1549.4,6.7620E-005,
1549.5,9.4330E-003,
1549.6,5.0580E-001,
1549.7,6.2680E-004,
1549.8,4.5540E-005,
1549.9,1.7950E-005,
1550,3.7490E-006,
1550.1,3.7320E-006,
1550.2,3.3750E-006,
1550.3,3.7770E-006,
1550.4,1.5140E-006,
1550.5,8.0840E-006,
1550.6,3.0810E-006,
1550.7,2.8630E-006,
1550.8,7.1690E-006,
1550.9,1.5590E-006,
1551,3.7440E-006,
1551.1,2.5740E-006,
1551.2,2.9670E-006,
1551.3,2.1070E-006,
1551.4,4.4220E-006,
1551.5,2.8670E-006,
1551.6,2.1020E-006,
1551.7,6.9840E-006,
1551.8,1.7390E-006,
1551.9,4.6420E-006,
1552,2.8440E-006,
1552.1,2.8440E-006,
1552.2,2.9690E-006,
1552.3,2.7030E-006,
1552.4,3.6470E-006,
1552.5,1.8580E-006,
1552.6,5.9470E-006,
1552.7,1.9270E-006,
1552.8,3.9060E-006,
1552.9,3.8020E-006,
1553,2.1980E-006,
1553.1,4.0090E-006,
1553.2,2.1780E-006,
1553.3,4.3740E-006,
1553.4,1.8130E-006,
1553.5,5.2510E-006,
1553.6,2.8610E-006,
1553.7,2.7360E-006,
1553.8,5.5690E-006,
1553.9,1.6810E-006,
1554,4.7210E-006,
1554.1,2.3270E-006,
1554.2,3.7380E-006,
1554.3,2.5330E-006,
1554.4,3.4280E-006,
1554.5,3.9580E-006,
1554.6,1.8400E-006,
1554.7,6.3560E-006,
1554.8,1.8410E-006,
1554.9,4.7860E-006,
1555,3.2550E-006,
1555.1,2.9020E-006,
1555.2,4.0420E-006,
1555.3,2.0580E-006,
1555.4,5.3210E-006,
1555.5,1.7970E-006,
1555.6,5.2080E-006,
1555.7,3.1470E-006,
1555.8,2.7670E-006,
1555.9,4.8350E-006,
1556,1.9660E-006,
1556.1,4.5490E-006,
1556.2,2.1230E-006,
1556.3,4.2610E-006,
1556.4,2.6310E-006,
1556.5,3.2170E-006,
1556.6,4.4050E-006,
1556.7,1.7770E-006,
1556.8,5.5190E-006,
1556.9,2.1140E-006,
1557,4.4540E-006,
1557.1,2.8540E-006,
1557.2,3.0700E-006,
1557.3,4.4170E-006,
1557.4,1.8980E-006,
1557.5,6.0720E-006,
1557.6,1.8240E-006,
1557.7,4.5010E-006,
1557.8,3.4070E-006,
1557.9,2.6310E-006,
1558,4.0730E-006,
1558.1,2.1720E-006,
1558.2,4.9310E-006,
1558.3,1.7990E-006,
1558.4,5.5400E-006,
1558.5,2.8860E-006,
1558.6,2.6920E-006,
1558.7,5.7840E-006,
1558.8,1.6510E-006,
1558.9,4.8060E-006,
1559,2.2490E-006,
1559.1,3.5830E-006,
1559.2,2.6600E-006,
1559.3,3.1880E-006,
1559.4,4.1930E-006,
1559.5,1.8400E-006,
1559.6,6.3780E-006,
1559.7,1.9480E-006,
1559.8,4.1670E-006,
1559.9,3.6880E-006,
1560,2.2940E-006,
1560.1,4.0840E-006,
1560.2,1.9470E-006,
1560.3,5.0150E-006,
1560.4,1.8480E-006,
1560.5,5.0270E-006,
1560.6,3.8900E-006,
1560.7,1.9780E-006,
1560.8,6.5080E-006,
1560.9,1.7410E-006,
1561,4.0260E-006,
1561.1,2.6610E-006,
1561.2,2.8890E-006,
1561.3,3.0080E-006,
1561.4,2.2580E-006,
1561.5,4.5510E-006,
1561.6,1.5640E-006,
1561.7,5.3940E-006,
1561.8,2.4400E-006,
1561.9,2.5880E-006,
1562,4.4100E-006,
1562.1,1.7060E-006,
1562.2,4.0950E-006,
1562.3,1.9280E-006,
1562.4,4.0340E-006,
1562.5,2.1830E-006,
1562.6,3.0050E-006,
1562.7,4.5330E-006,
1562.8,1.4520E-006,
1562.9,5.5410E-006,
1563,1.8400E-006,
1563.1,3.3610E-006,
1563.2,3.1160E-006,
1563.3,2.0330E-006,
1563.4,3.7200E-006,
1563.5,1.5950E-006,
1563.6,4.2490E-006,
1563.7,1.7240E-006,
1563.8,3.4180E-006,
1563.9,2.9390E-006,
1564,1.7200E-006,
1564.1,4.3440E-006,
1564.2,1.4920E-006,
1564.3,3.9460E-006,
1564.4,2.0680E-006,
1564.5,2.6390E-006,
1564.6,3.1650E-006,
1564.7,1.6110E-006,
1564.8,4.1130E-006,
1564.9,1.5290E-006,
1565,3.1980E-006,
1565.1,2.2040E-006,
1565.2,2.3270E-006,
1565.3,3.2530E-006,
1565.4,1.5210E-006,
1565.5,4.3950E-006,
1565.6,1.4890E-006,
1565.7,3.2410E-006,
1565.8,2.7630E-006,
1565.9,1.6740E-006,
1566,3.7240E-006,
1566.1,1.5950E-006,
1566.2,3.7450E-006,
1566.3,1.7880E-006,
1566.4,2.9680E-006,
1566.5,2.4660E-006,
1566.6,1.5720E-006,
1566.7,4.4400E-006,
1566.8,1.3240E-006,
1566.9,3.3440E-006,
1567,2.2480E-006,
1567.1,1.8220E-006,
1567.2,2.9580E-006,
1567.3,1.3860E-006,
1567.4,3.2630E-006,
1567.5,1.4050E-006,
1567.6,3.1060E-006,
1567.7,2.2020E-006,
1567.8,1.6880E-006,
1567.9,3.8080E-006,
1568,1.1770E-006,
1568.1,3.6820E-006,
1568.2,1.6300E-006,
1568.3,2.3940E-006,
1568.4,2.7940E-006,
1568.5,1.1870E-006,
1568.6,3.4500E-006,
1568.7,1.1390E-006,
1568.8,2.9210E-006,
1568.9,1.7890E-006,
1569,1.8720E-006,
1569.1,2.8060E-006,
1569.2,1.0400E-006,
1569.3,3.2170E-006,
1569.4,1.1280E-006,
1569.5,2.6870E-006,
1569.6,2.1850E-006,
1569.7,1.0500E-006,
1569.8,3.5240E-006,
1569.9,8.8350E-007,
1570,2.5650E-006,
1570.1,1.5350E-006,
1570.2,1.4990E-006,
1570.3,2.2110E-006,
1570.4,1.0300E-006,
1570.5,2.5160E-006,
1570.6,9.3850E-007,
1570.7,2.3610E-006,
1570.8,1.4440E-006,
1570.9,1.2310E-006,
1571,2.4320E-006,
1571.1,7.6660E-007,
1571.2,2.8050E-006,
1571.3,1.1840E-006,
1571.4,1.9730E-006,
1571.5,1.9000E-006,
1571.6,8.3040E-007,
1571.7,2.7310E-006,
1571.8,7.5510E-007,
1571.9,2.1300E-006,
1572,1.3190E-006,
1572.1,1.2940E-006,
1572.2,2.1020E-006,
1572.3,7.4800E-007,
1572.4,2.3520E-006,
1572.5,8.9640E-007,
1572.6,1.7680E-006,
1572.7,1.6950E-006,
1572.8,6.8930E-007,
1572.9,2.2310E-006,
1573,7.4140E-007,
1573.1,1.4600E-006,
1573.2,1.2050E-006,
1573.3,1.1540E-006,
1573.4,1.7030E-006,
1573.5,6.3670E-007,
1573.6,1.9500E-006,
1573.7,7.7150E-007,
1573.8,1.3680E-006,
1573.9,1.2920E-006,
1574,7.4610E-007,
1574.1,1.7600E-006,
1574.2,6.8610E-007,
1574.3,1.7850E-006,
1574.4,8.5430E-007,
1574.5,8.8370E-007,
1574.6,1.6700E-006,
1574.7,1.0860E-006,
1574.8,2.1020E-006,
1574.9,1.0710E-006,
1575,1.5840E-006,
1575.1,1.5540E-006,
1575.2,1.1960E-006,
1575.3,1.7080E-006,
1575.4,9.5620E-007,
1575.5,1.8320E-006,
1575.6,1.1250E-006,
1575.7,1.5250E-006,
1575.8,1.7430E-006,
1575.9,9.4540E-007,
1576,2.0720E-006,
1576.1,1.0410E-006,
1576.2,1.4830E-006,
1576.3,1.4290E-006,
1576.4,1.0390E-006,
1576.5,1.6870E-006,
1576.6,9.1830E-007,
1576.7,1.5910E-006,
1576.8,1.1720E-006,
1576.9,1.1330E-006,
1577,1.4520E-006,
1577.1,8.6130E-007,
1577.2,1.5060E-006,
1577.3,9.3260E-007,
1577.4,1.2460E-006,
1577.5,1.1750E-006,
1577.6,9.7650E-007,
1577.7,1.5210E-006,
1577.8,8.0210E-007,
1577.9,1.3490E-006,
1578,1.0250E-006,
1578.1,1.0030E-006,
1578.2,1.3660E-006,
1578.3,8.1160E-007,
1578.4,1.3970E-006,
1578.5,8.9510E-007,
1578.6,1.0860E-006,
1578.7,1.1290E-006,
1578.8,7.7470E-007,
1578.9,1.4010E-006,
1579,8.1120E-007,
1579.1,1.1140E-006,
1579.2,9.6070E-007,
1579.3,7.8080E-007,
1579.4,1.1110E-006,
1579.5,7.2160E-007,
1579.6,1.2100E-006,
1579.7,7.7720E-007,
1579.8,8.8410E-007,
1579.9,1.0640E-006,
1580,6.7390E-007,
1580.1,1.1770E-006,
1580.2,6.7220E-007,
1580.3,9.2320E-007,
1580.4,8.9780E-007,
1580.5,7.0710E-007,
1580.6,1.0370E-006,
1580.7,6.2080E-007,
1580.8,9.1490E-007,
1580.9,8.3510E-007,
1581,6.9720E-007,
1581.1,9.4350E-007,
1581.2,6.4320E-007,
1581.3,9.6880E-007,
1581.4,5.5690E-007,
1581.5,7.6640E-007,
1581.6,8.4310E-007,
1581.7,5.6070E-007,
1581.8,9.1470E-007,
1581.9,6.1390E-007,
1582,6.8500E-007,
1582.1,7.1560E-007,
1582.2,5.2570E-007,
1582.3,8.1460E-007,
1582.4,4.6080E-007,
1582.5,7.8320E-007,
1582.6,6.5390E-007,
1582.7,6.3190E-007,
1582.8,8.0160E-007,
1582.9,5.0570E-007,
1583,7.5710E-007,
1583.1,5.0370E-007,
1583.2,5.4070E-007,
1583.3,6.3110E-007,
1583.4,5.0510E-007,
1583.5,7.0110E-007,
1583.6,4.8030E-007,
1583.7,7.2730E-007,
1583.8,6.2540E-007,
1583.9,4.7940E-007,
1584,6.3000E-007,
1584.1,5.0910E-007,
1584.2,5.2270E-007,
1584.3,6.2100E-007,
1584.4,4.1550E-007,
1584.5,6.2090E-007,
1584.6,4.2300E-007,
1584.7,5.7520E-007,
1584.8,4.7160E-007,
1584.9,5.1630E-007,
1585,5.0060E-007,
1585.1,3.8560E-007,
1585.2,6.0100E-007,
1585.3,3.4750E-007,
1585.4,4.4350E-007,
1585.5,5.0200E-007,
1585.6,4.2330E-007,
1585.7,5.6690E-007,
1585.8,4.1500E-007,
1585.9,4.6010E-007,
1586,4.8410E-007,
1586.1,4.3450E-007,
1586.2,5.3060E-007,
1586.3,4.0770E-007,
1586.4,4.2620E-007,
1586.5,4.4410E-007,
1586.6,4.1950E-007,
1586.7,4.6180E-007,
1586.8,3.2210E-007,
1586.9,4.7710E-007,
1587,3.5570E-007,
1587.1,3.3020E-007,
1587.2,4.2520E-007,
1587.3,3.1560E-007,
1587.4,4.5570E-007,
1587.5,4.2470E-007,
1587.6,3.5530E-007,
1587.7,4.0990E-007,
1587.8,3.3350E-007,
1587.9,4.3740E-007,
1588,2.8770E-007,
1588.1,3.9480E-007,
1588.2,4.1580E-007,
1588.3,2.6820E-007,
1588.4,3.9800E-007,
1588.5,2.7700E-007,
1588.6,2.7820E-007,
1588.7,3.2610E-007,
1588.8,2.9110E-007,
1588.9,4.1320E-007,
1589,2.9810E-007,
1589.1,4.2620E-007,
1589.2,3.5560E-007,
1589.3,2.4920E-007,
1589.4,2.6140E-007,
1589.5,2.2900E-007,
1589.6,2.4740E-007,
1589.7,2.8430E-007,
1589.8,3.0940E-007,
1589.9,3.1490E-007,
1590,2.6260E-007,
1590.1,2.5570E-007,
1590.2,2.2960E-007,
1590.3,2.6750E-007,
1590.4,4.0670E-007,
1590.5,2.8190E-007,
1590.6,2.2970E-007,
1590.7,2.4860E-007,
1590.8,2.5880E-007,
1590.9,2.6690E-007,
1591,2.5890E-007,
1591.1,2.4230E-007,
1591.2,2.3880E-007,
1591.3,2.4460E-007,
1591.4,2.3930E-007,
1591.5,2.0650E-007,
1591.6,2.8720E-007,
1591.7,1.7870E-007,
1591.8,3.1230E-007,
1591.9,3.2150E-007,
1592,2.2710E-007,
1592.1,2.5470E-007,
1592.2,2.4310E-007,
1592.3,3.0150E-007,
1592.4,1.7020E-007,
1592.5,2.5660E-007,
1592.6,2.3090E-007,
1592.7,1.9720E-007,
1592.8,1.9220E-007,
1592.9,2.2670E-007,
1593,2.3470E-007,
1593.1,2.0730E-007,
1593.2,1.8900E-007,
1593.3,2.8270E-007,
1593.4,2.3860E-007,
1593.5,1.1640E-007,
1593.6,1.8060E-007,
1593.7,1.9050E-007,
1593.8,2.0440E-007,
1593.9,1.3490E-007,
1594,2.4410E-007,
1594.1,1.3070E-007,
1594.2,1.3970E-007,
1594.3,2.4800E-007,
1594.4,1.4600E-007,
1594.5,7.9610E-008,
1594.6,2.3850E-007,
1594.7,1.1680E-007,
1594.8,1.6440E-007,
1594.9,1.8750E-007,
1595,1.9250E-007,
1595.1,1.4820E-007,
1595.2,1.5370E-007,
1595.3,1.7220E-007,
1595.4,1.6690E-007,
1595.5,2.1600E-007,
1595.6,1.7180E-007,
1595.7,1.3380E-007,
1595.8,1.4110E-007,
1595.9,1.4140E-007,
1596,1.7830E-007,
1596.1,1.7460E-007,
1596.2,1.3670E-007,
1596.3,1.7840E-007,
1596.4,1.0220E-007,
1596.5,1.5900E-007,
1596.6,1.8850E-007,
1596.7,1.7310E-007,
1596.8,1.3800E-007,
1596.9,1.6020E-007,
1597,1.6610E-007,
1597.1,1.5490E-007,
1597.2,1.3050E-007,
1597.3,8.0920E-008,
1597.4,1.6200E-007,
1597.5,1.4880E-007,
1597.6,1.0940E-007,
1597.7,1.1310E-007,
1597.8,1.9810E-007,
1597.9,1.2530E-007,
1598,1.6000E-007,
1598.1,1.4680E-007,
1598.2,1.1610E-007,
1598.3,1.1250E-007,
1598.4,1.6790E-007,
1598.5,1.2990E-007,
1598.6,1.5360E-007,
1598.7,1.4020E-007,
1598.8,1.3300E-007,
1598.9,7.3090E-008,
1599,1.2230E-007,
1599.1,1.1350E-007,
1599.2,8.8780E-008,
1599.3,5.7250E-008,
1599.4,8.9610E-008,
1599.5,1.3850E-007,
1599.6,6.9670E-008,
1599.7,1.0970E-007,
1599.8,1.5870E-007,
1599.9,9.0470E-008,
1600,4.8040E-008,
